"ensembl_gene_id","logFC_NAC_F_FENT","logFC_NAC_FENT","logFC_NAC_M_FENT","module.NAC","Motif","name","P.Value_NAC_F_FENT","P.Value_NAC_FENT","P.Value_NAC_M_FENT","Regulatory function","selected","shared name"
"ENSMUSG00000059824","0.369509876908046","0.370392981078344","0.371276085248642","33","taipale-NNNNNTGCTGAN-MAFK-full|transfac_pro-M01080|transfac_pro-M02743","Dbp","8.74839419455496E-4","2.82369828631001E-6","3.06879783658504E-4","Regulator","false","Dbp"
"ENSMUSG00000043964","-0.128370477586685","0.0599115700265778","0.24819361763984","33","taipale-NNNNNTGCTGAN-MAFK-full|transfac_pro-M01080|transfac_pro-M02743","Orai3","0.391226726899409","0.554950150522538","0.0741070880695328","Regulated","false","Orai3"
"ENSMUSG00000035653","0.00548485974909774","0.0392609180936456","0.0730369764381935","33","taipale-NNNNNTGCTGAN-MAFK-full|transfac_pro-M01080|transfac_pro-M02743","Lrfn5","0.959411143836825","0.59200913507103","0.461672667012951","Regulated","false","Lrfn5"
"ENSMUSG00000035551","0.666767901774995","0.608592559394077","0.550417217013159","33","taipale-NNNNNTGCTGAN-MAFK-full|transfac_pro-M01080|transfac_pro-M02743","Igfbpl1","0.120111601193806","0.0381798686295739","0.161645747509561","Regulated","false","Igfbpl1"
"ENSMUSG00000052684","0.235545723617617","0.209326734347085","0.183107745076552","33","taipale-NNNNNTGCTGAN-MAFK-full|transfac_pro-M01080|transfac_pro-M02743","Jun","0.0245620707765794","0.0037246064472384","0.055616802700937","Regulator","false","Jun"
"ENSMUSG00000058897","0.525659651181126","0.370479713068958","0.21529977495679","33","taipale-NNNNNTGCTGAN-MAFK-full|transfac_pro-M01080|transfac_pro-M02743","Col25a1","0.0265624731757912","0.0215172057626172","0.314632042863923","Regulated","false","Col25a1"
"ENSMUSG00000027828","0.154265414145549","0.0722673715379911","-0.00973067106956638","33","taipale-NNNNNTGCTGAN-MAFK-full|transfac_pro-M01080|transfac_pro-M02743","Ssr3","0.102494086344869","0.25707458226675","0.909714040623626","Regulated","false","Ssr3"
"ENSMUSG00000055737","0.0953071155700136","0.185717192208359","0.276127268846705","33","taipale-NNNNNTGCTGAN-MAFK-full|transfac_pro-M01080|transfac_pro-M02743","Ghr","0.639670096514084","0.181933774047066","0.143024641166604","Regulated","false","Ghr"
"ENSMUSG00000021250","0.107525385005703","0.134361768929084","0.161198152852466","33","taipale-NNNNNTGCTGAN-MAFK-full|transfac_pro-M01080|transfac_pro-M02743","Fos","0.733566324432829","0.531472004598963","0.578836088365891","Regulated","false","Fos"
"ENSMUSG00000026235","0.298082667501115","0.198167149587712","0.0982516316743087","33","taipale-NNNNNTGCTGAN-MAFK-full|transfac_pro-M01080|transfac_pro-M02743","Epha4","0.0264108680037782","0.0295727112208219","0.417203910414815","Regulated","false","Epha4"
"ENSMUSG00000071262","0.446192642655773","0.334009303174252","0.221825963692732","33","taipale-NNNNNTGCTGAN-MAFK-full|transfac_pro-M01080|transfac_pro-M02743","Zfp957","0.18923840845788","0.148379811823022","0.475095773905601","Regulated","false","Zfp957"
"ENSMUSG00000032939","0.0825421014924355","0.0482125459706231","0.0138829904488107","33","taipale-NNNNNTGCTGAN-MAFK-full|transfac_pro-M01080|transfac_pro-M02743","Nup93","0.590819373423689","0.643578963478591","0.921485519518859","Regulated","false","Nup93"
"ENSMUSG00000024049","0.558896690026297","0.340189451552384","0.12148221307847","33","taipale-NNNNNTGCTGAN-MAFK-full|transfac_pro-M01080|transfac_pro-M02743","Myom1","0.0413739556359083","0.0665157640199551","0.623577499818024","Regulated","false","Myom1"
"ENSMUSG00000031508","0.159397149213053","0.0575238777508642","-0.0443493937113248","33","taipale-NNNNNTGCTGAN-MAFK-full|transfac_pro-M01080|transfac_pro-M02743","Ankrd10","0.348885744967438","0.617596481380226","0.775873226790533","Regulated","false","Ankrd10"
"ENSMUSG00000044674","0.350596004768219","0.276225476644434","0.201854948520649","33","taipale-NNNNNTGCTGAN-MAFK-full|transfac_pro-M01080|transfac_pro-M02743","Fzd1","0.0237207877734747","0.00916772313368069","0.150955634932437","Regulated","false","Fzd1"
"ENSMUSG00000031490","0.67344571768974","0.712316845542148","0.751187973394556","33","taipale-NNNNNTGCTGAN-MAFK-full|transfac_pro-M01080|transfac_pro-M02743","Eif4ebp1","0.142559289715895","0.0240732531456639","0.0762126699371253","Regulated","false","Eif4ebp1"
"ENSMUSG00000022883","0.0375567478763168","0.102389840525796","0.167222933175275","33","taipale-NNNNNTGCTGAN-MAFK-full|transfac_pro-M01080|transfac_pro-M02743","Robo1","0.797383498743826","0.30459211580327","0.216167947987358","Regulated","false","Robo1"
"ENSMUSG00000053552","0.274165681999161","0.203651203644077","0.133136725288992","33","taipale-NNNNNTGCTGAN-MAFK-full|transfac_pro-M01080|transfac_pro-M02743","Ebf4","0.0766586394613541","0.0533534824652729","0.344706091138318","Regulated","false","Ebf4"
