"ensembl_gene_id","logFC_PFC_F_FENT","logFC_PFC_FENT","logFC_PFC_M_FENT","Motif","name","P.Value_PFC_F_FENT","P.Value_PFC_FENT","P.Value_PFC_M_FENT","Regulatory function","selected","shared name"
"ENSMUSG00000015053","0.665125023516386","0.838788616431546","1.01245220934671","transfac_pro-M03837|yetfasco-2207|yetfasco-2127","Gata2","0.176511830726654","0.0101009189545547","0.0146454625755554","Regulator","false","Gata2"
"ENSMUSG00000028717","0.157780558041901","0.47816729251637","0.798554026990838","transfac_pro-M03837|yetfasco-2207|yetfasco-2127","Tal1","0.698606728265127","0.0743490630098786","0.0206322155875707","Regulated","false","Tal1"
"ENSMUSG00000058897","0.287250781049601","0.196477853243995","0.105704925438388","transfac_pro-M03837|yetfasco-2207|yetfasco-2127","Col25a1","0.23940545687382","0.215425652209978","0.59939477908633","Regulated","false","Col25a1"
"ENSMUSG00000030551","0.273858455999161","0.106163450135977","-0.0615315557272078","transfac_pro-M03837|yetfasco-2207|yetfasco-2127","Nr2f2","0.107255800855282","0.332746645593144","0.658857165526426","Regulated","false","Nr2f2"
"ENSMUSG00000055197","0.348066696199186","0.524556416226226","0.701046136253265","transfac_pro-M03837|yetfasco-2207|yetfasco-2127","Fev","0.284273403276324","0.0148699690145889","0.0109047741668236","Regulated","false","Fev"
"ENSMUSG00000039954","0.270707801222687","0.430407649676373","0.590107498130059","transfac_pro-M03837|yetfasco-2207|yetfasco-2127","Stk32a","0.272276577435102","0.00868352939172691","0.00497725347600011","Regulated","false","Stk32a"
"ENSMUSG00000025892","0.224747000006079","0.178499393496012","0.132251786985945","transfac_pro-M03837|yetfasco-2207|yetfasco-2127","Gria4","0.122199497824344","0.0598779991381384","0.269675572122986","Regulated","false","Gria4"
"ENSMUSG00000001333","0.576437265424846","0.354156493790107","0.131875722155368","transfac_pro-M03837|yetfasco-2207|yetfasco-2127","Sync","0.0169135840477716","0.0234439421095286","0.499778321558404","Regulated","false","Sync"
"ENSMUSG00000110195","0.486208082460019","0.339839599855012","0.193471117250005","transfac_pro-M03837|yetfasco-2207|yetfasco-2127","Pde2a","0.0115303550284181","0.00675358750899243","0.215227781286773","Regulated","false","Pde2a"
"ENSMUSG00000036760","0.280284181488488","0.267081859022702","0.253879536556916","transfac_pro-M03837|yetfasco-2207|yetfasco-2127","Kcnk9","0.0936194417561874","0.0151519316765844","0.0672855788131335","Regulated","false","Kcnk9"
"ENSMUSG00000055612","0.455789834945971","0.472600118072371","0.489410401198771","transfac_pro-M03837|yetfasco-2207|yetfasco-2127","Cdca7","0.229950454518677","0.0574542447342861","0.121067127289696","Regulated","false","Cdca7"
"ENSMUSG00000006546","0.438209349056912","0.638764340133978","0.839319331211043","transfac_pro-M03837|yetfasco-2207|yetfasco-2127","Cryba2","0.408892024949839","0.0667474451932716","0.0591684831460304","Regulated","false","Cryba2"
"ENSMUSG00000017724","-0.133935857722894","0.0583116274139444","0.250559112550783","transfac_pro-M03837|yetfasco-2207|yetfasco-2127","Etv4","0.591272596722954","0.718565994249573","0.227376054760931","Regulated","false","Etv4"
"ENSMUSG00000021994","-0.306296040411358","-0.0323087677992668","0.241678504812825","transfac_pro-M03837|yetfasco-2207|yetfasco-2127","Wnt5a","0.0482499133015501","0.744307318546721","0.0594516946835842","Regulated","false","Wnt5a"
"ENSMUSG00000020182","0.222966970843511","0.526806618775641","0.83064626670777","transfac_pro-M03837|yetfasco-2207|yetfasco-2127","Ddc","0.568927645581837","0.0413839008316428","0.0124610867327815","Regulated","false","Ddc"
"ENSMUSG00000051506","0.78683808353718","0.621786678820542","0.456735274103905","transfac_pro-M03837|yetfasco-2207|yetfasco-2127","Wdfy4","0.0330530446378069","0.010122218463949","0.131394844555819","Regulated","false","Wdfy4"
"ENSMUSG00000011257","-0.158018338219773","-0.0937087008041146","-0.029399063388456","transfac_pro-M03837|yetfasco-2207|yetfasco-2127","Pabpc4","0.209069568523033","0.250664816567524","0.776398218183417","Regulated","false","Pabpc4"
"ENSMUSG00000031616","-0.365174828591485","0.104140477534837","0.573455783661159","transfac_pro-M03837|yetfasco-2207|yetfasco-2127","Ednra","0.119204593430471","0.490089310304417","0.00396062879343932","Regulated","false","Ednra"
"ENSMUSG00000070880","0.371450434217336","0.54163519730136","0.711819960385383","transfac_pro-M03837|yetfasco-2207|yetfasco-2127","Gad1","0.131600132211116","0.00108829423251897","7.88486009109135E-4","Regulated","false","Gad1"
"ENSMUSG00000039943","0.261536102645866","0.24482320434859","0.228110306051315","transfac_pro-M03837|yetfasco-2207|yetfasco-2127","Plcb4","0.0774064946251924","0.0120087881836172","0.0632557626175192","Regulated","false","Plcb4"
"ENSMUSG00000096014","0.086094320558038","0.238931684105426","0.391769047652814","transfac_pro-M03837|yetfasco-2207|yetfasco-2127","Sox1","0.63210678585069","0.0440411619764553","0.0104424888230041","Regulated","false","Sox1"
"ENSMUSG00000059890","0.0704677037641774","0.114706303976042","0.158944904187906","transfac_pro-M03837|yetfasco-2207|yetfasco-2127","Ube4a","0.443422179197262","0.0577834170870107","0.0398233468190348","Regulated","false","Ube4a"
"ENSMUSG00000083270","-0.0712905803744683","0.140484800119645","0.352260180613758","transfac_pro-M03837|yetfasco-2207|yetfasco-2127","Gm13498","0.862401207646061","0.599189422900501","0.303151037824669","Regulated","false","Gm13498"
"ENSMUSG00000001630","0.0118284494331942","0.0510600620082573","0.0902916745833204","transfac_pro-M03837|yetfasco-2207|yetfasco-2127","Stk38l","0.915389932693842","0.480801540393019","0.329321987452912","Regulated","false","Stk38l"
"ENSMUSG00000033949","-0.124462738180932","0.172631993181961","0.469726724544854","transfac_pro-M03837|yetfasco-2207|yetfasco-2127","Trim36","0.659577111060046","0.348024553574088","0.048134298656044","Regulated","false","Trim36"
"ENSMUSG00000032625","-0.0171047693662381","0.08909299626744","0.195290761901118","transfac_pro-M03837|yetfasco-2207|yetfasco-2127","Thsd7a","0.890559937385688","0.272002101573002","0.0615759702268674","Regulated","false","Thsd7a"
"ENSMUSG00000032807","0.599322067827589","0.443046964063602","0.286771860299614","transfac_pro-M03837|yetfasco-2207|yetfasco-2127","Alox12b","0.120604599892347","0.0780059251410128","0.366509534269031","Regulated","false","Alox12b"
"ENSMUSG00000021379","0.147158759637708","0.299348762008969","0.45153876438023","transfac_pro-M03837|yetfasco-2207|yetfasco-2127","Id4","0.427051813327072","0.0149639626354177","0.00436945847310749","Regulated","false","Id4"
"ENSMUSG00000041729","0.0245601168440484","0.0206621311019481","0.0167641453598479","transfac_pro-M03837|yetfasco-2207|yetfasco-2127","Coro2b","0.828706758464149","0.779208126252612","0.858444315859075","Regulated","false","Coro2b"
"ENSMUSG00000070576","0.28424826674133","0.301945281374807","0.319642296008285","transfac_pro-M03837|yetfasco-2207|yetfasco-2127","Mn1","0.201236053551072","0.0386529337964657","0.0844088257591826","Regulated","false","Mn1"
"ENSMUSG00000004698","0.190645635449241","0.0966852786704102","0.00272492189157969","transfac_pro-M03837|yetfasco-2207|yetfasco-2127","Hdac9","0.192420195150521","0.307198421795742","0.981920825408939","Regulated","false","Hdac9"
"ENSMUSG00000062380","0.148256045708557","0.0793166993569221","0.0103773530052873","transfac_pro-M03837|yetfasco-2207|yetfasco-2127","Tubb3","0.0917103318916842","0.16297078639439","0.885286992721303","Regulated","false","Tubb3"
"ENSMUSG00000024772","-0.0383317250726414","0.0675550205617799","0.173441766196201","transfac_pro-M03837|yetfasco-2207|yetfasco-2127","Ehd1","0.729981871858831","0.350289080690055","0.0629700613567943","Regulated","false","Ehd1"
"ENSMUSG00000020396","0.0603773925611844","0.225876416233052","0.39137543990492","transfac_pro-M03837|yetfasco-2207|yetfasco-2127","Nefh","0.891465684992871","0.4328329765196","0.287733239336611","Regulated","false","Nefh"
"ENSMUSG00000019888","0.373257926066288","0.271718542871846","0.170179159677405","transfac_pro-M03837|yetfasco-2207|yetfasco-2127","Mgat4c","0.0619930376134719","0.0370562274242694","0.299199247173276","Regulated","false","Mgat4c"
"ENSMUSG00000032475","0.120405138530638","0.0788175537674602","0.0372299690042821","transfac_pro-M03837|yetfasco-2207|yetfasco-2127","Nck1","0.292812100943218","0.288832998946431","0.693290894377151","Regulated","false","Nck1"
"ENSMUSG00000020838","0.848959849750524","1.34035505797567","1.83175026620082","transfac_pro-M03837|yetfasco-2207|yetfasco-2127","Slc6a4","0.399153010413721","0.0432480809539851","0.0307587061110537","Regulated","false","Slc6a4"
"ENSMUSG00000025867","0.357503759987047","0.359257468690182","0.361011177393317","transfac_pro-M03837|yetfasco-2207|yetfasco-2127","Cplx2","0.164508196640089","0.0333293755318173","0.0913109896274999","Regulated","false","Cplx2"
"ENSMUSG00000015619","0.520396573562905","0.871802332817714","1.22320809207252","transfac_pro-M03837|yetfasco-2207|yetfasco-2127","Gata3","0.399374899873782","0.0324137949131393","0.0190854622100457","Regulator","false","Gata3"
